feature,feature_type,train_mean,test_mean,train_median,test_median,train_std,test_std,mean_change_pct,drift_status
amount,numeric,183.6344288125,184.15360305,81.03,81.57,317.2341091683782,314.5242457148784,0.282721622986115,LOW
ip_risk_score,numeric,21.59168025,21.6624175,18.7,18.7,16.267195861113755,16.27938836990267,0.3276134565766392,LOW
velocity_1h,numeric,1.05054,1.049945,1.0,1.0,1.0946333660992422,1.096743594103725,-0.056637538789586606,LOW
amount_vs_avg_ratio,numeric,3.297772232125,3.301471296,1.2831,1.2935,7.181170607143233,7.059786353082247,0.11216856758529054,LOW
time_since_last_s,numeric,180.0031375,180.5505,125.0,125.0,179.89430757422113,181.16216787289045,0.3040849774076806,LOW
account_age_days,numeric,1833.5489275,1833.74883,1831.0,1834.0,1046.107084108094,1048.0225286270013,0.010902490629064896,LOW
credit_limit,numeric,6701.911219624999,6727.04604625,4880.51,4880.1,6163.204957977371,6217.7823913810325,0.37503968347714167,LOW
credit_utilization,numeric,0.05218284289130259,0.05235478368881217,0.017995721556798197,0.017985987895985697,0.13549479147637963,0.13153780490810488,0.32949680006460375,LOW
account_txn_count_before,numeric,12.92412625,29.15841,9.0,23.0,13.847659247004318,22.55159039054775,125.61223432802662,HIGH
amount_per_account_age,numeric,0.24689261484905678,0.25019750308766964,0.057206199920770695,0.05766230644530155,1.2263076700562388,1.2012128898011396,1.3385933964178611,LOW
velocity_amount_ratio,numeric,3.970506639875,3.9593257694999995,0.712,0.7135,21.04943539358148,19.331832657847997,-0.281598077754442,LOW
merchant_category,categorical,,,,,,,0.17962499999999992,LOW
merchant_country,categorical,,,,,,,0.20850000000000035,LOW
device_type,categorical,,,,,,,0.09249999999999953,LOW
