feature,mean_absolute_shap
ip_risk_score,5.733383
velocity_1h,1.0540477
merchant_country,0.48819214
amount,0.4851573
device_known,0.39535135
merchant_category,0.3779522
velocity_amount_ratio,0.37426794
foreign_high_risk,0.32497728
hour_of_day,0.14427356
credit_utilization,0.11582479
is_foreign_txn,0.10613513
amount_vs_avg_ratio,0.10481976
account_txn_count_before,0.09393675
amount_per_account_age,0.08995771
card_present,0.081070215
device_type,0.07061161
account_avg_amount_before,0.068304256
has_2fa,0.06813667
account_age_days,0.067591175
credit_limit,0.05346675
time_since_last_s,0.049624376
day_of_week,0.04549218
transaction_hour,0.04465388
transaction_day,0.032174077
transaction_month,0.021101354
mcc_code,0.015423088
transaction_year,0.010973629
is_weekend,0.00016450122
